id,gender,contactNo,country,dob
1,Male,970-613-2617,Ukraine,24-06-2012
2,Genderqueer,614-319-7266,United States,18-09-2003
3,Female,997-395-9270,France,12/5/1994
4,Female,592-563-0424,Democratic Republic of the Congo,8/4/2001
5,Male,343-984-1150,Indonesia,19-10-1992
6,Male,615-444-4318,Brazil,24-05-1990
7,Female,149-504-2848,Dominican Republic,1/4/2020
8,Non-binary,800-103-2454,China,9/5/1993
9,Genderqueer,442-441-9317,Indonesia,24-10-2010
10,Female,654-596-4163,Netherlands,4/8/1999
11,Female,799-950-8349,China,10/8/1999
12,Female,100-307-6924,Ukraine,20-06-2009
13,Female,627-566-6711,China,16-11-2012
14,Male,326-887-9247,France,28-11-1990
15,Female,928-973-7589,China,12/11/2016
16,Male,733-212-0386,Brazil,27-04-2012
17,Male,231-864-6056,Bosnia and Herzegovina,30-12-1994
18,Female,641-445-0261,Brazil,22-02-2015
19,Female,222-435-3367,Bulgaria,19-01-2011
20,Agender,415-111-0479,Ecuador,13-11-2005
21,Female,191-884-4571,Tunisia,16-12-2014
22,Male,257-206-7432,Indonesia,23-01-2013
23,Male,869-144-1196,Brazil,6/8/2011
24,Female,458-114-4414,China,14-04-2017
25,Male,844-259-6129,Greece,29-08-2016
26,Female,712-218-2506,Indonesia,2/4/1993
27,Male,738-533-1171,Iran,15-07-2006
28,Male,582-122-9264,Slovenia,16-10-1998
29,Male,320-144-8534,China,20-07-2000
30,Male,443-819-1410,China,17-11-2002
31,Female,755-125-7502,Poland,6/11/2017
32,Male,530-901-1228,Brazil,4/6/1996
33,Female,257-379-3499,Brazil,8/2/2018
34,Female,258-586-8992,Brazil,23-10-2019
35,Bigender,407-843-4247,Greece,8/9/2014
36,Female,750-276-1808,Portugal,10/2/2000
37,Female,345-311-4328,Russia,23-02-2002
38,Female,323-136-0870,United States,13-12-1991
39,Female,143-309-5021,China,10/8/2014
40,Female,362-587-9986,Philippines,25-10-1994
41,Female,621-600-1159,Russia,25-04-2014
42,Female,674-550-0587,Brazil,21-12-1999
43,Bigender,220-483-5637,Ukraine,9/10/2007
44,Male,560-750-1697,China,3/2/1996
45,Male,714-554-4153,Sweden,23-07-1998
46,Male,870-183-5539,Finland,7/5/1990
47,Male,746-893-9654,Marshall Islands,12/5/2010
48,Male,229-940-0648,Montenegro,21-02-2004
49,Polygender,557-794-1168,France,19-02-2018
50,Female,538-928-2462,Colombia,20-09-2016
51,Non-binary,553-748-1871,South Africa,6/4/2018
52,Male,730-252-2548,Chile,28-10-2018
53,Male,716-544-4886,China,27-10-2015
54,Male,586-272-2263,Indonesia,6/4/2001
55,Genderqueer,288-561-9583,Indonesia,28-07-2017
56,Female,560-978-8891,Mauritius,31-03-2009
57,Male,104-338-0122,China,30-01-2005
58,Male,495-708-8739,France,2/3/2000
59,Male,203-806-9578,France,12/4/2000
60,Male,939-519-9155,China,11/11/2014
61,Male,117-607-6908,Ireland,31-07-2014
62,Male,891-446-0089,Russia,14-11-2019
63,Female,443-669-1163,China,10/2/1995
64,Male,874-226-4208,Nigeria,2/9/2000
65,Male,522-621-9071,Poland,4/1/2007
66,Female,901-266-9397,Greece,19-12-2002
67,Male,551-205-2523,Ireland,10/3/2004
68,Female,896-323-8268,Czech Republic,11/10/2014
69,Polygender,688-897-1545,France,22-08-2010
70,Female,204-819-8853,Russia,30-08-2016
71,Male,649-415-9535,Russia,25-08-1995
72,Male,225-181-7339,Philippines,27-06-2009
73,Male,835-396-0847,China,22-04-1994
74,Male,925-961-9539,Philippines,21-03-2020
75,Male,699-566-1150,Azerbaijan,23-02-1999
76,Male,843-664-5976,Serbia,25-12-1997
77,Male,467-261-5095,China,31-12-1990
78,Male,390-205-6658,Russia,1/12/2015
79,Male,293-593-3922,Czech Republic,14-01-2005
80,Male,990-587-6042,Indonesia,29-06-2014
81,Male,321-278-5972,China,31-01-2020
82,Male,562-453-2275,United States,19-09-2021
83,Female,710-439-5441,China,7/12/1990
84,Female,835-391-9721,South Africa,30-01-2007
85,Female,679-369-7397,Russia,10/9/2019
86,Male,195-574-0892,Portugal,10/9/2015
87,Female,739-937-9018,Indonesia,4/8/2012
88,Male,355-906-1899,Thailand,18-11-2020
89,Male,142-614-5150,Malaysia,28-08-2021
90,Male,962-254-0894,China,25-10-2002
91,Female,347-491-3346,Croatia,2/4/1995
92,Female,665-849-2954,France,1/6/2010
93,Male,627-958-7492,China,3/7/2010
94,Male,455-784-8545,Poland,21-11-2010
95,Female,884-495-8889,Portugal,2/10/2016
96,Female,356-192-3030,Indonesia,3/5/2020
97,Male,769-903-0823,Indonesia,19-06-1994
98,Male,970-528-2511,United States,14-11-1997
99,Female,982-222-7378,Indonesia,28-11-2018
100,Male,271-318-8770,Portugal,17-12-2000
101,Male,868-783-8805,Indonesia,3/12/2014
102,Male,193-522-4872,Brazil,15-02-1998
103,Male,896-614-9723,Japan,16-01-2003
104,Bigender,161-927-6373,China,2/4/2020
105,Female,797-543-2634,Germany,14-08-1995
106,Male,417-162-8247,China,9/7/2007
107,Female,474-833-7890,Indonesia,7/6/2009
108,Male,628-650-1193,Russia,1/5/2011
109,Male,140-407-7680,Poland,8/8/1995
110,Male,712-410-7384,China,6/5/1997
111,Male,106-840-2143,China,6/6/1990
112,Female,544-597-8074,China,14-11-2017
113,Non-binary,593-837-0502,Sweden,5/11/2019
114,Female,770-430-6333,Sweden,13-09-1990
115,Male,559-657-6782,China,3/10/2008
116,Bigender,196-442-5822,Lesotho,21-02-2002
117,Male,240-898-3205,Portugal,24-05-2000
118,Female,494-769-5268,Malaysia,18-12-2019
119,Female,930-689-9684,Russia,30-01-2019
120,Female,312-971-7316,Azerbaijan,12/10/2003
121,Male,482-528-3275,Azerbaijan,8/3/2001
122,Female,292-279-5260,Peru,26-11-2016
123,Male,405-412-8795,Philippines,28-08-2005
124,Female,384-893-1752,Peru,11/8/1994
125,Male,786-183-8601,China,29-06-2015
126,Male,961-815-3185,Peru,8/11/2016
127,Male,632-872-6702,Russia,28-08-2004
128,Female,565-907-3379,China,24-01-2005
129,Female,725-588-1540,South Africa,22-04-2000
130,Female,704-208-3568,Russia,14-04-1997
131,Female,807-600-6133,Indonesia,14-10-1991
132,Male,479-805-9539,Falkland Islands,7/12/2004
133,Male,940-105-0350,Brazil,24-11-2007
134,Female,820-936-5324,Russia,21-10-2010
135,Female,238-819-4748,Bolivia,10/5/1998
136,Non-binary,156-235-4088,Canada,4/9/2017
137,Male,307-119-8396,China,7/10/1993
138,Female,731-496-6333,Iran,12/3/2009
139,Female,704-954-1777,Croatia,25-01-2007
140,Male,130-590-6029,Canada,13-02-2018
141,Male,615-587-7396,Russia,1/4/2006
142,Female,672-832-4301,Brazil,21-10-1998
143,Female,590-495-7146,Poland,25-05-2004
144,Female,782-472-6317,Argentina,19-03-1991
145,Female,986-596-1507,China,4/4/2014
146,Male,930-398-2038,China,27-04-1991
147,Agender,667-257-7323,Indonesia,14-09-2020
148,Male,852-552-1539,Iran,17-10-2020
149,Female,330-945-2042,Slovenia,30-12-2002
150,Female,443-765-6334,Brazil,11/5/2011
151,Female,979-558-0634,Japan,6/5/2007
152,Female,543-557-0631,Pakistan,10/5/1991
153,Female,408-208-1473,United States,16-10-2003
154,Male,638-876-8410,Netherlands,28-05-1998
155,Male,722-149-7198,Honduras,22-09-1997
156,Polygender,507-126-2590,Ireland,22-06-2015
157,Female,413-558-8244,China,8/9/1998
158,Male,824-377-5383,Georgia,16-08-2009
159,Male,712-108-1850,Vietnam,13-04-1995
160,Female,280-919-6653,United Kingdom,19-07-2019
161,Genderfluid,671-845-6387,Thailand,21-08-2016
162,Female,834-751-3349,Sweden,4/6/2008
163,Male,895-817-6813,Philippines,21-12-2017
164,Male,597-612-1921,China,19-01-2009
165,Male,470-507-9762,France,8/1/2013
166,Male,315-184-7781,China,6/9/1998
167,Female,207-643-1381,Japan,16-10-2016
168,Female,899-707-1382,France,12/8/2013
169,Male,665-762-3223,Indonesia,19-04-2003
170,Male,541-932-3537,Brazil,6/2/2000
171,Female,477-838-8084,Portugal,29-07-2008
172,Genderfluid,260-728-3162,China,13-07-2017
173,Female,390-851-9424,China,10/8/2015
174,Agender,123-414-1211,Indonesia,6/8/2000
175,Female,729-168-0784,Morocco,30-12-2020
176,Female,295-664-8435,Philippines,13-07-1996
177,Male,919-966-0249,Germany,17-02-1997
178,Male,343-337-3161,Thailand,25-03-1991
179,Female,443-712-9398,Albania,7/2/2020
180,Genderfluid,444-175-1331,China,13-11-1992
181,Male,506-529-2603,China,22-01-2009
182,Male,116-453-0569,China,17-07-1998
183,Male,951-174-3028,Brazil,2/3/2021
184,Female,778-613-8378,Zambia,22-12-2019
185,Female,459-883-4118,Russia,29-03-2005
186,Male,867-356-4923,Nigeria,2/7/2019
187,Male,851-773-7320,Indonesia,20-09-2009
188,Female,616-217-3402,United States,10/4/1996
189,Male,263-503-8911,Albania,10/7/1998
190,Female,402-919-0798,Peru,1/7/1991
191,Male,617-126-3288,China,19-10-1994
192,Male,457-266-9247,Mongolia,23-05-1999
193,Genderqueer,360-945-3849,Spain,23-07-1997
194,Polygender,247-481-2853,Indonesia,11/5/2015
195,Polygender,368-673-5420,Vietnam,17-04-2003
196,Female,161-755-7217,Poland,31-10-2018
197,Male,831-137-5214,China,19-09-2011
198,Male,131-454-3150,Tajikistan,17-12-1990
199,Bigender,547-789-2293,Portugal,1/2/2003
200,Female,357-848-5216,Philippines,13-06-1995
201,Female,406-787-2333,Tunisia,7/1/2017
202,Male,541-383-8391,Greece,15-12-2020
203,Female,697-515-5872,Argentina,9/6/2013
204,Female,534-493-3593,Russia,23-11-2013
205,Female,539-886-9020,Poland,1/1/2014
206,Female,187-678-2929,Ireland,12/7/1997
207,Male,480-172-3779,China,29-04-2014
208,Female,114-800-4183,Sweden,8/11/2008
209,Female,723-201-6587,Poland,11/12/2010
210,Female,209-966-8745,Bosnia and Herzegovina,12/8/2010
211,Female,500-934-4159,Indonesia,8/5/2006
212,Male,104-662-1015,Cameroon,16-08-2009
213,Agender,216-886-7151,Germany,6/9/2020
214,Female,896-204-6368,Uganda,1/4/2012
215,Male,115-804-2082,Mozambique,16-06-2004
216,Female,753-511-5132,China,7/11/1994
217,Male,669-660-3009,Nigeria,9/12/2002
218,Male,999-374-9848,Indonesia,10/9/2021
219,Male,363-663-1366,Greece,21-04-2012
220,Non-binary,792-725-9777,Moldova,17-01-1991
221,Male,575-639-5637,Poland,1/10/2002
222,Male,463-937-3761,Mongolia,16-10-2008
223,Female,309-941-9020,Sweden,30-08-1999
224,Male,970-749-2429,France,26-04-1995
225,Female,191-587-7069,Iran,15-01-2000
226,Male,605-797-4121,Pakistan,3/6/1992
227,Male,481-772-3310,Vietnam,11/7/2012
228,Male,525-316-2022,Portugal,7/3/1991
229,Male,947-872-4371,China,13-05-1997
230,Non-binary,781-113-5073,Poland,23-02-2000
231,Male,761-921-5730,China,13-12-2007
232,Male,891-435-7131,China,20-06-1992
233,Female,994-118-8357,China,10/1/1995
234,Female,356-955-0302,China,5/11/2013
235,Female,989-874-0324,Russia,3/5/2001
236,Polygender,780-650-4576,Thailand,22-10-2009
237,Female,561-573-2620,France,18-02-2003
238,Male,293-823-6717,Mongolia,25-05-2020
239,Non-binary,562-927-4523,Philippines,15-02-1994
240,Male,495-553-6236,Vietnam,14-10-2021
241,Male,778-255-2303,Yemen,12/4/2013
242,Male,337-473-1727,China,9/4/2013
243,Female,702-727-4959,Russia,29-06-2020
244,Female,792-716-0941,Thailand,8/1/2001
245,Male,931-240-8767,Indonesia,8/6/2005
246,Male,154-393-6323,China,4/9/1998
247,Male,183-666-6642,Philippines,11/2/2004
248,Male,232-204-6166,Colombia,22-06-2004
249,Non-binary,165-942-7705,Japan,4/6/1995
250,Male,268-483-4880,Philippines,14-12-2001
251,Male,214-743-7019,United States,29-06-1999
252,Male,240-660-9166,United States,8/2/2004
253,Male,692-621-2826,Finland,4/11/1990
254,Male,137-904-9837,Japan,19-07-1996
255,Male,575-793-2194,Serbia,5/8/1998
256,Female,734-456-4150,Indonesia,11/5/2004
257,Male,563-521-7455,Brazil,11/6/2001
258,Female,484-864-7383,Portugal,8/2/2002
259,Male,635-690-8188,Georgia,7/9/1995
260,Female,484-244-8600,Canada,18-04-2014
261,Female,523-613-7176,Guatemala,11/3/1995
262,Female,973-757-6955,Canada,14-11-2020
263,Male,429-927-4857,Sweden,25-07-1998
264,Male,200-923-6305,Sweden,23-01-2000
265,Female,695-251-8854,China,12/1/2016
266,Female,904-545-0936,Afghanistan,10/10/1994
267,Female,110-169-8585,Jordan,30-07-1993
268,Male,220-891-2026,Japan,15-04-1996
269,Female,885-301-8615,Brazil,11/5/2008
270,Female,858-412-3456,Bhutan,6/7/2021
271,Male,308-345-5126,Honduras,13-02-2003
272,Male,906-762-7422,China,31-03-1996
273,Male,432-276-4674,Uzbekistan,8/1/2018
274,Female,561-522-0447,Cuba,7/6/2009
275,Female,104-745-2578,South Africa,23-10-2008
276,Male,559-670-0276,Mozambique,15-04-2017
277,Female,531-742-6506,Colombia,16-06-2008
278,Male,136-681-8355,China,18-04-2000
279,Male,270-642-1006,Philippines,28-02-2006
280,Female,250-326-7527,Portugal,15-07-1992
281,Male,707-213-8127,Ivory Coast,17-09-1994
282,Female,988-184-9540,Tanzania,18-02-1997
283,Male,865-411-1598,United States,31-10-2009
284,Female,550-281-0512,China,31-08-1990
285,Male,916-339-4665,Laos,18-12-2013
286,Male,273-946-2623,Brazil,3/12/2019
287,Male,482-102-6827,Burundi,30-03-2018
288,Female,155-580-3491,China,7/6/2021
289,Female,383-582-0300,South Africa,22-10-1997
290,Female,515-444-1747,Thailand,30-11-1999
291,Female,829-523-9417,Indonesia,17-09-1994
292,Male,947-960-1537,China,28-11-2004
293,Male,239-416-0282,Sweden,22-03-2003
294,Male,543-246-0684,China,4/1/2012
295,Female,812-871-3590,Brazil,29-01-2011
296,Bigender,862-820-7674,China,30-07-2005
297,Female,180-399-6530,Poland,3/1/2017
298,Non-binary,446-533-7492,Greece,29-01-2022
299,Male,704-669-2945,Mongolia,9/6/2020
300,Female,887-337-6732,China,3/9/2021
301,Male,602-555-8524,Russia,10/12/2003
302,Female,128-564-6279,Aland Islands,7/1/2017
303,Male,738-885-5371,Indonesia,29-04-1992
304,Female,427-351-0327,Brazil,13-11-2021
305,Female,925-584-0848,Portugal,15-04-1990
306,Female,116-532-9296,Sao Tome and Principe,21-04-2001
307,Male,318-309-4799,United States,21-03-2011
308,Male,632-507-3533,Brazil,16-06-2012
309,Male,425-477-1576,China,16-10-2000
310,Female,490-760-0450,Russia,2/3/2012
311,Male,919-188-2511,China,28-11-2018
312,Female,896-513-3684,Indonesia,23-08-2010
313,Female,805-550-6595,Russia,28-06-1998
314,Male,637-887-9454,Russia,26-02-1995
315,Female,852-913-0273,Brazil,29-07-1996
316,Female,888-563-3997,Indonesia,15-04-2009
317,Female,906-529-9811,Colombia,25-11-1995
318,Female,483-324-3344,Indonesia,18-07-2008
319,Female,301-322-2753,Kazakhstan,16-11-2014
320,Female,317-819-2297,Indonesia,2/2/2019
321,Female,370-479-7678,Hungary,20-01-2018
322,Female,624-198-1226,Philippines,2/10/2007
323,Female,843-894-8195,Zambia,29-11-1991
324,Female,343-610-1147,Indonesia,16-07-1996
325,Male,734-164-9135,Belgium,20-08-2019
326,Genderqueer,295-381-9446,Argentina,22-09-2006
327,Polygender,602-130-4416,Indonesia,9/10/1992
328,Male,544-243-5960,Indonesia,2/5/2002
329,Female,661-490-2085,China,1/1/1993
330,Female,456-275-1773,Austria,29-05-2017
331,Female,801-713-2994,Ukraine,14-03-1994
332,Female,544-606-2666,China,30-01-2001
333,Female,510-494-7329,China,13-10-1990
334,Female,216-838-8128,Czech Republic,17-11-2008
335,Female,864-606-9350,China,19-12-2020
336,Female,245-932-9165,Indonesia,15-01-2019
337,Female,396-344-2213,Portugal,18-04-2000
338,Male,180-854-7508,China,1/10/2013
339,Male,265-630-4578,Portugal,3/6/2013
340,Female,844-971-8890,Brazil,31-07-2001
341,Female,416-597-2857,Sweden,22-05-2013
342,Male,285-753-6523,China,13-08-2015
343,Female,212-965-0195,Philippines,6/9/2008
344,Male,417-665-7238,Nepal,27-04-1998
345,Genderqueer,181-262-5719,Sweden,9/2/1996
346,Agender,251-865-7968,France,17-08-1992
347,Female,797-327-1242,Venezuela,10/11/1991
348,Female,821-958-8665,Argentina,28-02-2006
349,Non-binary,963-376-5442,Senegal,4/11/2011
350,Male,747-867-5659,Indonesia,12/11/2009
351,Polygender,235-514-6933,Armenia,20-12-2001
352,Bigender,325-868-4484,United States,27-02-1995
353,Genderqueer,819-558-3263,Afghanistan,13-10-2000
354,Female,778-397-3520,Czech Republic,24-05-2005
355,Male,310-607-4261,Philippines,21-09-2019
356,Genderfluid,579-792-7004,South Sudan,19-07-2015
357,Female,936-117-6982,Ukraine,7/2/2008
358,Male,476-902-3534,Philippines,7/10/2011
359,Female,158-513-7040,China,30-03-2005
360,Female,338-180-5071,South Korea,11/2/2010
361,Male,315-169-7168,Greece,21-09-2001
362,Female,140-336-6471,Australia,12/7/2003
363,Female,151-650-6741,Thailand,2/8/2008
364,Female,517-317-8464,Philippines,5/4/2017
365,Male,824-103-7095,Brazil,18-09-2016
366,Male,329-528-5346,Thailand,19-08-2011
367,Female,904-400-5419,Canada,27-08-2012
368,Male,986-365-8030,Russia,2/4/2019
369,Male,526-514-5137,Norway,10/1/2007
370,Male,397-674-1596,Nigeria,18-03-2021
371,Male,858-175-1002,France,6/4/2005
372,Male,912-297-0025,Brazil,30-03-2011
373,Female,985-384-8964,Ukraine,29-03-1996
374,Agender,762-161-2420,Ukraine,23-10-1996
375,Male,150-608-1353,Tanzania,18-06-2020
376,Female,911-355-6577,Slovenia,16-07-2005
377,Female,912-844-1133,China,7/9/1995
378,Female,501-541-8158,Finland,24-04-1997
379,Female,496-126-4866,Poland,24-12-1993
380,Female,651-939-3093,Colombia,25-11-2011
381,Male,682-931-6687,France,1/9/1992
382,Female,823-182-6498,China,30-11-1997
383,Bigender,450-512-5682,Philippines,20-10-2002
384,Female,247-122-2857,Indonesia,4/2/1997
385,Female,531-851-8112,Albania,4/7/2000
386,Female,668-661-0697,Senegal,7/11/2016
387,Male,146-101-4882,Ireland,28-09-2012
388,Male,961-818-1431,Russia,29-08-1994
389,Male,406-962-4087,United States,18-10-2009
390,Male,773-564-1703,Thailand,23-04-2015
391,Female,782-942-2179,China,22-05-2019
392,Agender,722-798-5478,Kazakhstan,28-03-2008
393,Female,710-170-8786,Malaysia,7/5/2005
394,Female,428-887-7459,Colombia,9/9/2007
395,Male,452-827-9504,China,27-11-1998
396,Female,386-498-4742,Poland,30-01-1996
397,Genderqueer,641-360-4646,Argentina,12/5/2016
398,Female,266-789-0641,Indonesia,10/9/1994
399,Female,703-297-8367,China,30-01-1995
400,Genderqueer,783-807-4287,Pakistan,16-11-2006
401,Female,436-231-5658,Tanzania,8/4/1991
402,Male,868-386-0089,Portugal,24-02-2012
403,Male,908-655-4059,Philippines,25-04-1998
404,Female,267-244-8745,Indonesia,25-11-1998
405,Genderfluid,244-100-8994,China,3/11/2005
406,Female,115-977-0042,Philippines,18-06-2008
407,Male,157-983-6431,Indonesia,6/9/2012
408,Male,558-905-8163,Peru,2/2/2010
409,Female,521-870-5496,Tajikistan,9/2/1998
410,Male,982-226-8716,Brazil,19-07-1994
411,Male,739-129-5719,Indonesia,11/6/2002
412,Female,377-802-7642,Brazil,17-01-2014
413,Female,428-141-4223,Russia,7/2/1991
414,Female,786-570-7127,Cameroon,28-02-1993
415,Male,775-840-7859,United States,1/12/2016
416,Female,525-753-6127,Armenia,24-06-1995
417,Non-binary,497-681-3428,France,4/2/2016
418,Bigender,472-980-8295,Burkina Faso,26-10-2021
419,Male,549-914-1929,China,26-06-2008
420,Male,223-216-5429,Sweden,17-09-2014
421,Genderfluid,138-458-6249,Indonesia,7/1/1998
422,Female,209-548-8501,China,5/7/2004
423,Female,499-665-5526,China,8/4/2000
424,Male,412-133-3064,Brazil,1/5/2004
425,Female,544-783-5127,Poland,16-10-2006
426,Male,674-295-1248,Peru,19-05-1998
427,Female,182-942-4676,Indonesia,17-12-1998
428,Female,940-283-9063,Ukraine,3/1/2006
429,Agender,514-150-6499,China,6/3/2005
430,Female,579-880-4831,China,24-01-1999
431,Female,307-759-3629,Canada,25-09-1993
432,Female,277-848-2881,Japan,18-04-2004
433,Male,953-224-8072,China,10/5/1997
434,Male,776-903-3217,Argentina,26-11-2017
435,Female,107-486-8131,Thailand,3/7/2010
436,Male,665-481-3922,France,28-03-1991
437,Male,396-311-9634,Brazil,7/11/2000
438,Female,827-836-6391,China,2/2/2010
439,Male,197-923-7297,Philippines,24-02-2014
440,Female,977-679-4675,China,27-12-2020
441,Male,985-752-6706,Indonesia,22-02-1998
442,Male,115-648-0123,Tanzania,16-07-2007
443,Female,586-702-3870,France,2/5/1994
444,Male,847-498-3098,China,14-01-2003
445,Male,891-882-0223,Sweden,3/1/1998
446,Male,613-766-9887,Marshall Islands,4/10/2014
447,Female,291-326-1469,Russia,30-10-2001
448,Male,932-691-8780,Poland,3/10/2003
449,Female,697-722-1275,Czech Republic,8/3/1991
450,Male,147-994-2763,Iceland,14-12-2009
451,Female,591-626-5988,Dominican Republic,29-10-2015
452,Female,913-664-5808,United States,20-01-2010
453,Male,859-712-0612,Brazil,26-09-2016
454,Female,936-532-3141,Zimbabwe,12/2/2013
455,Male,634-443-7245,Lithuania,6/10/1999
456,Female,206-823-4377,Italy,15-03-2016
457,Male,280-200-9092,China,20-05-2021
458,Female,483-195-0292,Russia,28-12-2013
459,Female,363-729-8528,China,24-12-2007
460,Female,746-727-5629,Philippines,17-08-1998
461,Female,267-347-9941,China,6/5/1997
462,Male,792-830-4589,Thailand,1/6/2007
463,Female,314-185-7063,Czech Republic,14-11-1998
464,Female,474-403-1185,Ukraine,29-07-2014
465,Male,690-838-2168,Poland,21-12-2007
466,Male,723-338-1914,Indonesia,7/3/2022
467,Male,375-609-7386,Nepal,29-04-2012
468,Female,171-514-0140,Indonesia,9/7/1990
469,Male,498-983-9653,Israel,4/5/1999
470,Female,429-862-7332,Indonesia,19-03-2005
471,Male,939-712-7725,Philippines,20-01-1996
472,Female,622-867-2558,Indonesia,4/1/2014
473,Female,625-545-2291,Indonesia,7/8/2014
474,Female,878-533-5156,Serbia,15-06-2015
475,Female,487-253-2828,Iceland,17-06-1992
476,Male,577-121-2868,Thailand,3/7/1990
477,Female,262-207-6924,Indonesia,27-04-2001
478,Female,647-216-3862,China,5/9/1995
479,Female,573-427-7082,Indonesia,4/1/2001
480,Male,592-389-3331,Brazil,26-09-2010
481,Male,504-443-4110,Venezuela,1/3/2020
482,Female,550-761-3765,Brazil,19-05-2017
483,Female,450-532-9334,Portugal,25-05-2014
484,Male,787-403-6496,Russia,1/9/2016
485,Agender,737-461-2480,Canada,1/12/2017
486,Female,413-792-2510,Madagascar,5/8/2014
487,Female,248-789-9370,Indonesia,10/12/2013
488,Female,433-638-5909,China,6/5/2007
489,Female,521-845-9630,Malaysia,2/2/1993
490,Male,464-418-8850,Luxembourg,29-05-2017
491,Female,742-409-3799,Indonesia,9/2/2002
492,Male,581-102-8326,Cyprus,17-06-2005
493,Male,684-271-1436,Colombia,21-03-2019
494,Female,817-165-4973,China,22-12-2000
495,Male,912-714-3598,China,26-06-2004
496,Male,995-475-9250,Colombia,12/7/2003
497,Female,764-506-7280,Madagascar,2/1/1996
498,Male,744-429-0065,Indonesia,27-03-2013
499,Male,217-758-1301,Burkina Faso,3/5/2008
500,Female,952-718-3758,Uganda,2/5/2014
501,Male,970-304-3791,Armenia,14-07-2015
502,Female,267-254-8772,New Zealand,16-10-2019
503,Female,814-552-1543,Brazil,17-08-2019
504,Female,627-405-5538,China,21-12-2000
505,Female,568-513-7192,Costa Rica,25-10-1999
506,Female,581-212-8874,China,16-11-2005
507,Male,527-796-2748,China,6/6/2001
508,Male,573-613-4047,United States,22-12-2013
509,Male,370-498-4530,Russia,31-07-2007
510,Male,434-668-3764,Serbia,12/2/2000
511,Male,142-582-4011,France,18-07-2014
512,Female,338-410-1750,Indonesia,2/6/2015
513,Female,258-965-5323,Serbia,18-04-2002
514,Male,779-550-6462,Philippines,26-11-1995
515,Male,403-601-7090,Brazil,27-02-2017
516,Female,406-584-4030,Vietnam,21-08-1990
517,Female,106-958-5236,China,23-07-2012
518,Female,761-951-4799,Russia,20-01-2020
519,Male,455-327-4853,Indonesia,14-12-1996
520,Polygender,985-312-8615,Canada,18-10-1994
521,Male,669-543-0301,Philippines,8/4/2002
522,Male,558-639-1294,Russia,13-05-2016
523,Male,658-718-1277,Bosnia and Herzegovina,29-07-1998
524,Female,871-260-2344,Czech Republic,17-10-2017
525,Male,552-785-4318,China,26-10-1997
526,Male,346-188-5436,Russia,12/8/1999
527,Male,492-231-1545,Nigeria,1/11/1995
528,Female,153-450-6629,Vietnam,10/4/2007
529,Female,923-562-5825,Russia,17-07-2012
530,Male,946-328-6164,Indonesia,12/4/2003
531,Male,998-370-4834,Finland,31-03-2020
532,Female,835-513-9931,France,31-12-2000
533,Male,513-929-5651,United States,5/12/2007
534,Female,959-943-6642,Kyrgyzstan,18-12-2010
535,Male,732-147-6235,North Korea,19-04-2001
536,Female,257-815-7988,Argentina,3/8/2004
537,Genderfluid,684-537-8714,Luxembourg,16-05-2018
538,Male,747-657-6210,China,5/1/2005
539,Male,124-201-1939,China,29-07-2015
540,Female,545-619-5951,China,5/9/1994
541,Male,522-436-6687,Indonesia,8/3/2001
542,Female,542-359-9264,Indonesia,29-12-2014
543,Male,308-916-7351,Brazil,21-05-2021
544,Female,480-823-9694,Peru,15-01-1991
545,Male,526-233-8245,Serbia,25-06-2018
546,Female,989-252-4107,Malta,25-05-1990
547,Male,368-395-6913,Poland,4/11/2016
548,Agender,550-274-7810,Greece,2/6/2019
549,Male,901-826-5444,United States,13-10-2004
550,Female,257-163-0999,Spain,18-12-2003
551,Female,584-916-4588,Latvia,5/5/2019
552,Male,171-486-6649,Slovenia,16-10-2020
553,Male,741-213-7007,Indonesia,9/5/1990
554,Female,100-394-3207,China,16-02-1992
555,Female,746-269-8350,Kazakhstan,12/1/2004
556,Male,259-970-7267,Russia,16-07-1991
557,Male,292-644-0870,Reunion,25-12-2020
558,Male,745-153-7625,Indonesia,26-12-1991
559,Female,735-791-4646,China,26-01-2015
560,Male,661-729-9215,China,7/7/2010
561,Male,692-308-3269,Japan,28-08-1995
562,Female,282-505-8235,Indonesia,14-10-1990
563,Male,626-301-8549,Russia,10/12/2009
564,Male,637-975-1164,Mexico,4/7/2009
565,Female,829-182-0874,China,27-05-2021
566,Female,457-247-8387,China,5/11/2013
567,Female,306-272-9466,France,18-08-1992
568,Female,649-553-5476,Bulgaria,29-08-1994
569,Female,509-344-6314,China,14-01-2000
570,Female,233-711-4341,Japan,26-09-2000
571,Male,828-870-3353,China,23-06-2013
572,Male,848-602-0871,Slovakia,9/10/1994
573,Female,805-204-7227,France,1/12/2013
574,Female,339-247-4417,Cameroon,19-08-2019
575,Female,225-484-7291,Russia,13-09-2013
576,Bigender,745-259-4715,France,16-09-2016
577,Female,816-740-3311,China,14-07-1995
578,Female,441-142-2506,Indonesia,22-04-2013
579,Female,419-742-9981,Russia,24-11-2019
580,Female,313-798-0186,Philippines,31-08-2004
581,Male,898-742-7439,Russia,3/12/2000
582,Female,447-992-6121,Armenia,20-10-2001
583,Female,755-292-4752,Serbia,15-05-2002
584,Male,323-181-6864,China,18-08-2005
585,Female,771-446-5623,Indonesia,7/3/2020
586,Male,108-564-1117,China,6/3/2005
587,Male,382-977-5006,Indonesia,3/3/2007
588,Female,564-446-5120,Greece,30-07-2018
589,Male,465-602-0259,China,29-07-2012
590,Male,601-286-0094,Portugal,11/9/2019
591,Female,576-283-0943,France,3/3/1996
592,Agender,267-107-9844,Ukraine,11/11/2021
593,Female,459-686-0039,Colombia,30-11-1997
594,Female,405-407-8744,France,4/12/2002
595,Female,156-917-5206,Mauritius,11/1/2007
596,Male,683-934-6514,Colombia,31-05-2008
597,Genderfluid,125-879-0616,Sweden,29-12-2008
598,Female,821-158-0450,Palestinian Territory,23-04-2013
599,Female,199-976-0998,Ukraine,26-02-1998
600,Female,726-318-9095,Albania,6/7/2018
601,Male,226-174-4517,Tunisia,26-10-1993
602,Male,962-846-5628,Indonesia,8/9/2021
603,Female,443-839-2523,Indonesia,26-04-1996
604,Female,140-162-4041,China,23-07-1990
605,Female,755-927-6832,Brazil,16-02-2006
606,Genderqueer,950-429-6684,Peru,24-07-1997
607,Male,525-541-3867,China,18-04-2013
608,Female,519-787-7196,China,27-06-2014
609,Female,989-138-9745,China,10/11/2006
610,Male,131-678-7379,Colombia,11/5/2006
611,Male,925-263-5740,Lebanon,14-04-1997
612,Genderfluid,376-282-8072,Indonesia,16-09-2019
613,Male,962-709-8888,Poland,11/4/2014
614,Male,537-904-9112,Portugal,28-06-2018
615,Genderqueer,264-606-1400,Poland,26-05-2003
616,Female,722-648-3683,Indonesia,8/10/2003
617,Female,607-527-8870,China,8/12/2004
618,Female,822-923-9988,Czech Republic,23-05-2016
619,Male,855-163-0073,Indonesia,24-01-1997
620,Female,798-553-0339,Norway,5/5/2016
621,Male,314-111-9106,Turkmenistan,16-07-2020
622,Female,817-892-6982,China,28-03-2001
623,Male,974-997-1346,Portugal,8/12/2010
624,Male,923-879-1522,France,31-12-2018
625,Female,820-786-7209,Japan,29-12-2002
626,Female,486-316-1576,Austria,17-08-2005
627,Female,325-229-9048,Ivory Coast,3/1/2020
628,Male,903-981-6240,Palestinian Territory,20-10-2019
629,Male,582-646-1409,Greece,14-07-2018
630,Female,384-717-0806,France,27-01-1997
631,Female,760-910-9131,China,5/12/2013
632,Male,978-161-7132,China,10/3/1991
633,Male,708-988-1811,Indonesia,10/12/1994
634,Male,948-360-2731,Philippines,10/11/2008
635,Male,656-810-2925,China,8/12/2012
636,Female,510-841-2632,Ukraine,15-04-2009
637,Female,401-560-3625,Indonesia,4/12/2019
638,Male,400-278-4353,Indonesia,24-03-2014
639,Female,864-704-9054,Portugal,14-02-2001
640,Female,511-889-3525,China,18-04-2006
641,Female,361-221-2481,China,25-11-1992
642,Genderqueer,147-623-4460,Indonesia,20-08-2016
643,Male,492-142-8917,Russia,21-09-1996
644,Male,502-930-2686,Ukraine,9/2/2021
645,Non-binary,549-110-4425,Portugal,26-08-1994
646,Female,870-302-7808,China,7/2/2010
647,Male,237-314-5811,Russia,1/10/2007
648,Female,291-200-6403,Russia,25-10-2005
649,Female,756-759-9449,Thailand,2/3/2013
650,Female,665-553-0965,Macedonia,2/3/1995
651,Female,456-527-2114,Finland,19-12-2005
652,Male,941-723-5498,Brazil,30-05-1997
653,Male,178-389-1545,China,28-10-2009
654,Non-binary,881-153-3666,China,26-06-2008
655,Female,181-804-1326,Brazil,8/8/2017
656,Agender,306-195-3839,Macedonia,7/10/1998
657,Male,243-157-1006,Czech Republic,8/4/1997
658,Male,252-247-6730,Philippines,6/4/2022
659,Male,913-800-6525,China,16-02-2016
660,Male,803-449-3542,China,19-05-2010
661,Genderfluid,432-697-6300,United States,10/6/1992
662,Male,115-745-2106,Mexico,1/5/2011
663,Female,965-421-4376,China,9/12/2013
664,Female,805-466-0763,China,6/8/1993
665,Male,296-703-2647,Philippines,5/8/1993
666,Female,104-241-7948,China,18-04-2020
667,Female,405-424-0132,Venezuela,10/12/2001
668,Male,806-915-6806,Japan,24-04-2021
669,Female,192-453-6602,Indonesia,7/6/1998
670,Male,875-487-3733,Poland,1/11/2017
671,Female,770-220-7867,Bhutan,23-07-1992
672,Female,441-485-1908,Ukraine,20-10-2001
673,Female,646-545-7456,Costa Rica,2/10/2009
674,Female,177-862-5218,Sweden,9/12/2021
675,Male,447-679-2676,Russia,29-03-2017
676,Male,851-844-1062,Brazil,24-11-1990
677,Female,380-676-2462,Brazil,16-03-2014
678,Female,858-288-5331,Bosnia and Herzegovina,1/5/1991
679,Female,953-788-4756,Ireland,9/6/2007
680,Male,278-928-7869,Sweden,31-07-1999
681,Male,560-424-8529,Brazil,15-03-1997
682,Female,636-453-4516,Cuba,10/9/2004
683,Female,143-647-2369,China,5/6/2008
684,Male,232-979-4063,China,7/4/2021
685,Male,350-351-3169,China,8/1/2012
686,Male,916-307-0245,Russia,3/1/2022
687,Female,781-123-1504,Japan,21-10-2014
688,Female,332-728-3297,Brazil,17-07-2013
689,Female,962-725-5626,Brazil,19-04-1998
690,Female,143-926-1592,Thailand,22-01-2011
691,Male,724-998-1917,China,3/10/1995
692,Female,925-199-6226,Netherlands,11/11/2017
693,Male,996-534-6393,Slovenia,29-06-2003
694,Female,774-496-2145,Russia,26-02-2015
695,Female,645-828-1434,Ukraine,3/6/1992
696,Female,834-331-6944,Indonesia,20-01-2012
697,Male,949-272-9885,Czech Republic,26-04-2016
698,Male,829-853-0295,Georgia,7/11/2011
699,Female,485-525-1186,Brazil,18-05-1997
700,Female,222-403-8136,Argentina,18-07-2012
701,Female,342-425-5826,Sweden,19-02-2002
702,Male,755-576-2760,Indonesia,29-01-1996
703,Male,251-106-7965,Canada,15-07-1995
704,Female,906-527-1741,Philippines,22-05-2010
705,Male,913-720-9612,China,16-09-2011
706,Male,310-907-6428,Taiwan,8/4/2008
707,Bigender,396-125-3135,Nicaragua,1/7/2010
708,Female,529-467-0486,Indonesia,3/7/2020
709,Male,360-157-9788,Philippines,23-08-1990
710,Male,924-959-8405,China,22-02-2017
711,Male,751-555-5031,Russia,21-05-1990
712,Male,812-959-1855,China,2/11/2002
713,Female,883-483-9281,China,27-01-2014
714,Female,414-173-2880,Cameroon,10/9/2004
715,Female,991-551-2007,China,27-05-1996
716,Male,188-998-1888,Ukraine,17-08-2006
717,Female,409-324-7481,Liberia,25-03-2021
718,Female,651-231-5497,Indonesia,15-08-1995
719,Female,502-383-3657,United States,11/7/1992
720,Female,176-996-9185,Georgia,4/8/2000
721,Female,699-957-1220,China,28-01-2015
722,Male,737-819-0719,Poland,8/2/2002
723,Female,915-400-2965,United States,7/10/1991
724,Female,606-572-0196,Philippines,3/7/2015
725,Male,309-589-0819,Bolivia,11/12/2018
726,Female,626-135-4804,Brazil,16-10-1994
727,Male,140-394-6357,Canada,7/2/1991
728,Male,950-798-6485,Finland,11/12/2006
729,Male,227-274-2848,Vietnam,24-04-2001
730,Female,985-507-8905,United Kingdom,23-09-1994
731,Female,523-754-6651,Sri Lanka,16-01-1993
732,Polygender,230-560-6132,China,12/8/2004
733,Male,299-909-5831,Philippines,28-07-2008
734,Female,747-479-4537,China,19-11-2004
735,Female,253-933-6261,China,8/12/2013
736,Female,364-419-2747,China,13-09-2003
737,Male,560-338-4702,Portugal,23-06-1998
738,Female,506-408-3731,Philippines,29-07-1997
739,Male,484-631-5628,Brazil,12/11/2006
740,Male,826-215-0608,Argentina,5/2/2002
741,Agender,435-386-6434,Philippines,20-07-1990
742,Male,334-770-9204,Russia,26-05-2005
743,Female,301-239-7383,Ghana,1/4/2014
744,Female,896-427-5316,Portugal,20-03-2014
745,Polygender,345-107-5709,China,2/8/2014
746,Female,771-662-8307,China,9/12/2014
747,Female,511-479-0092,Canada,29-08-2003
748,Male,200-155-4684,Sweden,5/11/1992
749,Male,323-433-4615,Russia,14-11-2012
750,Male,611-429-1742,Honduras,19-01-2004
751,Female,344-189-5193,China,21-02-2002
752,Male,163-794-7809,China,25-06-1991
753,Female,312-483-6291,Tunisia,29-12-2012
754,Female,770-293-6321,Portugal,15-02-2015
755,Male,887-356-9124,China,24-11-2021
756,Male,160-961-4468,China,11/11/2008
757,Male,493-202-2840,Portugal,29-01-2007
758,Genderqueer,460-655-4417,Uzbekistan,8/7/1999
759,Female,723-696-5947,Panama,1/7/2016
760,Male,663-457-5695,Brazil,6/7/2000
761,Male,234-503-3315,Israel,16-01-1993
762,Male,946-251-9173,Luxembourg,9/1/1997
763,Female,234-983-1855,Indonesia,12/11/1997
764,Male,585-899-9840,Argentina,25-07-1994
765,Female,423-540-3032,Guatemala,15-01-1993
766,Female,576-959-7086,China,3/4/1992
767,Male,136-462-7725,France,2/2/2020
768,Female,204-278-9400,Portugal,25-05-2013
769,Female,972-888-3138,Indonesia,31-05-2004
770,Female,216-209-6437,Ukraine,26-03-2000
771,Male,414-168-5596,China,30-07-2012
772,Female,968-810-0070,Indonesia,4/3/1996
773,Male,235-571-8608,Philippines,18-05-2012
774,Male,526-587-9724,China,6/7/1997
775,Female,252-897-4509,China,23-07-2001
776,Male,115-942-8573,France,7/7/1998
777,Female,750-744-0533,Venezuela,30-11-2006
778,Female,831-593-4853,United States,14-07-2002
779,Male,570-232-1012,United States,25-06-2004
780,Female,487-962-2565,Macedonia,19-04-2013
781,Female,353-929-6404,Croatia,28-10-2017
782,Female,829-364-9470,China,13-11-2015
783,Non-binary,652-226-9930,Portugal,8/1/2014
784,Female,121-633-1851,Mali,8/6/2013
785,Male,550-750-9028,Poland,20-04-2003
786,Male,615-160-6244,Sweden,11/1/1998
787,Female,825-234-4787,Canada,16-04-1998
788,Male,824-547-6720,Albania,24-04-2009
789,Female,730-955-3950,Sweden,4/4/2019
790,Female,492-197-7345,Portugal,18-12-2017
791,Female,985-159-2997,Japan,5/6/1994
792,Female,733-468-3569,Malaysia,17-11-2004
793,Female,901-737-4044,Dominican Republic,25-11-2018
794,Female,959-649-1945,Malaysia,22-03-1995
795,Male,162-807-3355,Jordan,27-12-2017
796,Female,176-781-8637,China,28-01-2015
797,Female,479-852-3934,Poland,27-01-2019
798,Female,563-255-7226,Belarus,13-12-2006
799,Female,402-498-3239,United States,20-06-1999
800,Female,907-641-5565,Portugal,4/4/2018
801,Agender,829-680-6099,China,28-09-2008
802,Male,559-246-2275,Mexico,19-12-1998
803,Female,428-538-6783,Sweden,21-10-2003
804,Female,442-514-1836,China,26-07-2012
805,Male,684-687-1256,France,14-05-1991
806,Male,405-477-8248,Greece,14-01-2014
807,Female,119-411-6681,Russia,11/2/2022
808,Male,998-525-2117,Netherlands,28-06-2013
809,Female,214-833-2553,China,21-02-2011
810,Female,190-549-5448,French Polynesia,4/8/1994
811,Female,661-909-8280,Japan,20-07-2018
812,Agender,567-497-2766,Botswana,14-04-2014
813,Female,518-776-6374,Japan,9/3/1998
814,Male,868-209-6457,Japan,9/8/2006
815,Male,482-618-6170,Poland,7/4/2010
816,Male,760-290-4930,France,9/1/2022
817,Male,423-370-2668,China,20-12-1999
818,Male,950-190-6848,Philippines,7/12/2011
819,Genderqueer,373-511-2804,Philippines,5/2/1999
820,Male,311-897-9300,Spain,18-06-2021
821,Male,728-845-6456,Portugal,13-08-2010
822,Genderqueer,680-461-5209,Latvia,16-01-1999
823,Male,249-616-5522,Canada,5/12/2007
824,Male,482-715-0320,China,30-08-2013
825,Female,318-808-8794,Brazil,19-03-2002
826,Male,163-977-0728,Philippines,20-06-2020
827,Male,172-406-2119,Japan,29-03-2011
828,Genderqueer,337-413-9721,China,16-01-2000
829,Female,704-508-3980,Tanzania,12/5/2011
830,Female,889-119-0473,Argentina,8/3/1998
831,Female,610-549-7777,Japan,4/7/2000
832,Agender,399-993-5211,Moldova,26-10-2018
833,Male,716-383-1405,Indonesia,29-10-1993
834,Female,381-232-3958,Argentina,7/12/2016
835,Male,713-545-5228,China,12/5/2002
836,Female,549-755-4607,Croatia,26-06-2000
837,Female,928-320-6933,Ghana,9/11/1993
838,Female,338-395-6681,Belarus,24-07-2012
839,Female,914-761-7641,Afghanistan,6/8/2008
840,Male,259-806-7675,Ireland,3/10/2004
841,Male,379-937-5344,Greece,20-10-1996
842,Female,861-569-7078,China,1/11/2021
843,Female,319-167-0857,Kosovo,10/4/1999
844,Male,103-492-5311,Japan,20-08-2011
845,Female,184-176-5061,Brazil,12/9/2010
846,Female,786-778-5648,Spain,4/11/2020
847,Female,779-528-0549,China,9/3/2018
848,Non-binary,428-118-8579,Greenland,23-05-1992
849,Male,473-689-0770,Malta,31-03-2015
850,Male,127-311-2934,China,10/6/2015
851,Female,132-929-4356,Ethiopia,29-01-2001
852,Female,431-356-6374,Indonesia,6/8/2011
853,Female,276-927-8024,China,15-04-1998
854,Male,843-396-9749,Vietnam,17-11-1995
855,Male,998-320-6349,Sweden,22-02-2011
856,Female,356-402-0905,Brazil,2/7/2001
857,Female,794-566-2490,Argentina,9/3/1995
858,Male,635-977-7218,United Kingdom,29-04-2019
859,Female,757-620-9267,United States,2/12/2001
860,Male,347-910-7163,Mexico,28-11-2005
861,Female,259-330-4591,Honduras,5/2/2001
862,Non-binary,554-795-2904,Brazil,15-12-2010
863,Male,217-721-5822,Brazil,7/9/1992
864,Female,715-327-8203,Indonesia,13-10-1996
865,Female,538-442-9447,Indonesia,3/2/2008
866,Male,147-764-1000,Poland,6/12/1990
867,Genderfluid,539-434-2616,Ghana,12/3/2012
868,Female,236-414-6546,Russia,27-08-2000
869,Female,451-737-3711,Ukraine,5/10/2002
870,Female,873-855-5351,China,5/11/2021
871,Male,913-449-4481,Malaysia,20-09-1994
872,Female,255-686-5783,Paraguay,18-04-2008
873,Male,502-939-5311,France,5/1/2006
874,Female,643-790-4106,Macedonia,8/5/2003
875,Male,873-902-4802,Ukraine,3/3/2021
876,Female,224-776-3347,Poland,20-05-2000
877,Female,796-492-2493,Indonesia,6/11/1993
878,Female,733-966-5330,Brazil,2/6/2011
879,Male,319-173-8938,Iraq,18-03-2016
880,Female,861-562-7079,Russia,30-11-1999
881,Female,780-511-0444,Philippines,3/1/1995
882,Male,164-868-6009,China,13-12-2016
883,Male,516-406-0144,Japan,11/10/2004
884,Agender,772-941-0693,United States,20-10-1998
885,Male,695-944-8184,Portugal,17-12-2010
886,Female,255-112-5023,Uzbekistan,9/9/2006
887,Female,475-428-4183,Mexico,23-04-2009
888,Female,542-318-8149,Indonesia,23-10-2000
889,Male,564-335-1299,Madagascar,20-04-2019
890,Female,454-156-9484,Russia,29-07-1993
891,Female,418-728-9910,China,16-03-1995
892,Female,409-534-0017,Philippines,30-05-2010
893,Female,704-497-3888,Brazil,15-01-2005
894,Male,170-296-0467,Spain,21-09-1990
895,Genderqueer,933-485-9290,Slovenia,5/8/1993
896,Male,340-794-6199,Croatia,24-08-2018
897,Male,152-260-6935,Russia,26-08-1993
898,Female,310-139-3743,Brazil,5/6/1994
899,Genderfluid,104-223-0262,Czech Republic,19-05-2004
900,Male,739-439-4132,Taiwan,11/12/1999
901,Agender,892-724-1647,Myanmar,1/9/2010
902,Female,539-858-5144,Colombia,12/5/1992
903,Female,777-292-9075,Netherlands,14-11-2015
904,Male,973-455-8496,Indonesia,29-04-2002
905,Female,346-285-0679,Indonesia,10/9/1996
906,Female,409-221-1777,Peru,11/6/2000
907,Female,627-335-2101,Indonesia,19-01-2020
908,Female,120-387-1522,Vietnam,27-01-2016
909,Female,362-512-1353,Venezuela,2/8/2001
910,Female,602-268-5466,China,9/2/1991
911,Male,509-601-0378,Cuba,10/1/2004
912,Male,884-295-3212,Indonesia,1/6/2017
913,Female,996-655-6116,Indonesia,9/10/2020
914,Male,975-776-6679,China,23-04-2003
915,Male,449-811-3319,Czech Republic,7/12/2003
916,Male,924-742-4737,China,16-06-2004
917,Male,789-275-1929,Cuba,22-07-1990
918,Female,738-963-1921,Japan,5/11/2019
919,Female,742-876-3515,Brazil,4/6/2007
920,Female,458-350-9149,Thailand,28-07-2021
921,Female,844-577-4764,China,6/6/2008
922,Male,432-195-2359,China,12/2/2016
923,Male,471-916-6874,Indonesia,15-06-1996
924,Female,517-928-5655,South Africa,3/3/1993
925,Non-binary,392-862-1148,Portugal,10/4/1998
926,Genderqueer,361-996-2775,Taiwan,10/2/1993
927,Male,315-816-1460,China,22-09-2011
928,Male,606-433-1999,Indonesia,17-07-2017
929,Non-binary,518-657-2422,Brazil,7/10/2014
930,Female,975-720-4748,China,7/8/2018
931,Female,206-526-5026,China,8/4/2017
932,Female,697-595-7476,Macao,11/11/1998
933,Polygender,364-121-1684,Russia,29-08-1992
934,Female,425-846-3467,China,6/12/1992
935,Female,210-559-3837,Indonesia,28-08-2020
936,Male,831-331-5257,Czech Republic,14-06-2008
937,Bigender,686-151-0310,China,23-09-2007
938,Male,966-317-2678,China,27-01-2009
939,Female,234-893-9678,China,26-08-2014
940,Female,134-694-2230,Argentina,20-11-1994
941,Male,619-978-0214,Indonesia,28-04-1993
942,Female,404-584-3033,Vietnam,2/1/2011
943,Bigender,929-175-6365,Nigeria,2/9/2010
944,Polygender,276-956-1041,Iran,23-10-2018
945,Female,308-387-9512,China,30-09-2010
946,Female,249-804-6964,Bulgaria,6/8/2010
947,Male,804-566-7843,Bangladesh,20-09-2002
948,Female,339-658-6010,China,26-10-2017
949,Male,691-688-3974,China,28-10-2013
950,Female,990-779-6546,Guatemala,16-07-2010
951,Female,852-377-2472,Spain,18-02-2001
952,Male,273-956-5664,Russia,17-09-2021
953,Male,238-631-6255,Poland,26-05-2021
954,Male,830-724-3138,China,27-06-2001
955,Male,191-868-0512,Russia,3/9/1998
956,Male,866-246-9636,Greece,17-11-2006
957,Female,200-943-7956,Portugal,12/9/2013
958,Female,472-835-1068,Greece,27-09-2005
959,Female,144-466-6480,Indonesia,6/12/2014
960,Female,839-563-5073,Sweden,16-12-2016
961,Female,131-365-4150,China,20-01-1993
962,Female,221-805-9866,Brazil,26-06-1994
963,Female,773-370-8054,Philippines,30-07-2014
964,Female,852-263-8434,China,19-12-2016
965,Female,755-239-1099,Uzbekistan,30-08-2002
966,Male,285-993-9380,Ivory Coast,16-09-1992
967,Male,770-410-2705,Brazil,12/7/2020
968,Bigender,814-855-4635,Madagascar,11/10/2016
969,Male,686-451-8895,France,1/7/1996
970,Male,438-854-0424,Bolivia,24-02-1996
971,Female,658-251-1462,Brazil,17-11-2014
972,Female,606-113-7952,Brazil,28-11-1995
973,Male,863-279-0177,China,6/1/1999
974,Female,605-986-4578,Philippines,3/3/2017
975,Male,545-763-2584,Morocco,10/12/1993
976,Male,566-299-2452,France,19-01-1996
977,Female,319-270-0683,Indonesia,12/6/2012
978,Male,467-713-8782,Indonesia,11/9/2016
979,Polygender,572-830-6911,Indonesia,13-05-1991
980,Female,287-466-4211,China,4/9/2000
981,Female,887-203-4812,Croatia,18-09-1999
982,Female,489-662-9904,China,7/7/2001
983,Female,201-660-0902,Peru,10/6/1993
984,Male,452-154-8343,Brazil,4/4/2008
985,Male,307-386-8537,Indonesia,28-07-1995
986,Female,411-827-5186,Angola,29-12-2004
987,Female,959-607-8902,Russia,30-09-2003
988,Male,865-124-2521,Portugal,31-12-2009
989,Genderfluid,384-605-7910,Russia,3/10/2003
990,Male,183-405-2323,China,17-04-2011
991,Female,402-736-4394,Poland,15-04-2015
992,Female,983-795-0481,China,30-05-1997
993,Genderfluid,918-491-7858,Russia,27-01-2017
994,Male,646-672-9876,Albania,18-07-2006
995,Genderfluid,156-249-8309,Malaysia,3/3/1996
996,Female,188-652-3663,Portugal,6/11/2021
997,Female,764-482-1405,China,23-09-2013
998,Male,243-647-5326,Russia,30-08-2021
999,Female,855-756-0848,France,16-02-2003
1000,Male,430-677-0804,Portugal,9/10/2021
